Workbook

Sheet Dashboard
A1: SIMULADOR ULTRA PREMIUM - FII vs POUPANÇA
A3: Investimento Inicial | B3: 10000 | D3: Patrimônio Final FII | E3: =Sim_FII!E121 -> 126126.13
A4: Aporte Mensal | B4: 500 | D4: Patrimônio Final Poupança | E4: =Sim_Poupanca!E121 -> 100133.64
A5: Tempo (meses) | B5: 120 | D5: ROI FII | E5: =(E3-B3)/(B3+(B4*B5)) -> 1.6589447
D6: ROI Poupança | E6: =(E4-B3)/(B3+(B4*B5)) -> 1.2876234
A7: Cenário FII | B7: Moderado | D7: CAGR FII | E7: =(E3/B3)^(12/B5)-1 -> 0.28848838
D8: CAGR Poupança | E8: =(E4/B3)^(12/B5)-1 -> 0.25909355

Sheet Cenarios
A1: Cenário | B1: Taxa FII (%)
A2: Conservador | B2: 0.5
A3: Moderado | B3: 0.8
A4: Agressivo | B4: 1.2

Sheet Sim_FII
A1: Mês | B1: Saldo Inicial | C1: Aporte | D1: Rendimento | E1: Saldo Final
A2: 1 | B2: =Dashboard!B3 -> 10000 | C2: =Dashboard!B4 -> 500 | D2: =B2*(VLOOKUP(Dashboard!B7,Cenarios!A2:B4,2,FALSE())/100) -> 80 | E2: =B2+C2+D2 -> 10580
A3: =A2+1 -> 2 | B3: =E2 -> 10580 | C3: =Dashboard!B4 -> 500 | D3: =B3*(VLOOKUP(Dashboard!B7,Cenarios!A2:B4,2,FALSE())/100) -> 84.64 | E3: =B3+C3+D3 -> 11164.64
A4: =A3+1 -> 3 | B4: =E3 -> 11164.64 | C4: =Dashboard!B4 -> 500 | D4: =B4*(VLOOKUP(Dashboard!B7,Cenarios!A2:B4,2,FALSE())/100) -> 89.31712 | E4: =B4+C4+D4 -> 11753.957
A5: =A4+1 -> 4 | B5: =E4 -> 11753.957 | C5: =Dashboard!B4 -> 500 | D5: =B5*(VLOOKUP(Dashboard!B7,Cenarios!A2:B4,2,FALSE())/100) -> 94.031657 | E5: =B5+C5+D5 -> 12347.989
A6: =A5+1 -> 5 | B6: =E5 -> 12347.989 | C6: =Dashboard!B4 -> 500 | D6: =B6*(VLOOKUP(Dashboard!B7,Cenarios!A2:B4,2,FALSE())/100) -> 98.78391 | E6: =B6+C6+D6 -> 12946.773
A7: =A6+1 -> 6 | B7: =E6 -> 12946.773 | C7: =Dashboard!B4 -> 500 | D7: =B7*(VLOOKUP(Dashboard!B7,Cenarios!A2:B4,2,FALSE())/100) -> 103.57418 | E7: =B7+C7+D7 -> 13550.347
A8: =A7+1 -> 7 | B8: =E7 -> 13550.347 | C8: =Dashboard!B4 -> 500 | D8: =B8*(VLOOKUP(Dashboard!B7,Cenarios!A2:B4,2,FALSE())/100) -> 108.40277 | E8: =B8+C8+D8 -> 14158.75
A9: =A8+1 -> 8 | B9: =E8 -> 14158.75 | C9: =Dashboard!B4 -> 500 | D9: =B9*(VLOOKUP(Dashboard!B7,Cenarios!A2:B4,2,FALSE())/100) -> 113.27 | E9: =B9+C9+D9 -> 14772.02
A10: =A9+1 -> 9 | B10: =E9 -> 14772.02 | C10: =Dashboard!B4 -> 500 | D10: =B10*(VLOOKUP(Dashboard!B7,Cenarios!A2:B4,2,FALSE())/100) -> 118.17616 | E10: =B10+C10+D10 -> 15390.196
A11: =A10+1 -> 10 | B11: =E10 -> 15390.196 | C11: =Dashboard!B4 -> 500 | D11: =B11*(VLOOKUP(Dashboard!B7,Cenarios!A2:B4,2,FALSE())/100) -> 123.12157 | E11: =B11+C11+D11 -> 16013.317
A12: =A11+1 -> 11 | B12: =E11 -> 16013.317 | C12: =Dashboard!B4 -> 500 | D12: =B12*(VLOOKUP(Dashboard!B7,Cenarios!A2:B4,2,FALSE())/100) -> 128.10654 | E12: =B12+C12+D12 -> 16641.424
A13: =A12+1 -> 12 | B13: =E12 -> 16641.424 | C13: =Dashboard!B4 -> 500 | D13: =B13*(VLOOKUP(Dashboard!B7,Cenarios!A2:B4,2,FALSE())/100) -> 133.13139 | E13: =B13+C13+D13 -> 17274.555
A14: =A13+1 -> 13 | B14: =E13 -> 17274.555 | C14: =Dashboard!B4 -> 500 | D14: =B14*(VLOOKUP(Dashboard!B7,Cenarios!A2:B4,2,FALSE())/100) -> 138.19644 | E14: =B14+C14+D14 -> 17912.752
A15: =A14+1 -> 14 | B15: =E14 -> 17912.752 | C15: =Dashboard!B4 -> 500 | D15: =B15*(VLOOKUP(Dashboard!B7,Cenarios!A2:B4,2,FALSE())/100) -> 143.30201 | E15: =B15+C15+D15 -> 18556.054
A16: =A15+1 -> 15 | B16: =E15 -> 18556.054 | C16: =Dashboard!B4 -> 500 | D16: =B16*(VLOOKUP(Dashboard!B7,Cenarios!A2:B4,2,FALSE())/100) -> 148.44843 | E16: =B16+C16+D16 -> 19204.502
A17: =A16+1 -> 16 | B17: =E16 -> 19204.502 | C17: =Dashboard!B4 -> 500 | D17: =B17*(VLOOKUP(Dashboard!B7,Cenarios!A2:B4,2,FALSE())/100) -> 153.63602 | E17: =B17+C17+D17 -> 19858.138
A18: =A17+1 -> 17 | B18: =E17 -> 19858.138 | C18: =Dashboard!B4 -> 500 | D18: =B18*(VLOOKUP(Dashboard!B7,Cenarios!A2:B4,2,FALSE())/100) -> 158.86511 | E18: =B18+C18+D18 -> 20517.003
A19: =A18+1 -> 18 | B19: =E18 -> 20517.003 | C19: =Dashboard!B4 -> 500 | D19: =B19*(VLOOKUP(Dashboard!B7,Cenarios!A2:B4,2,FALSE())/100) -> 164.13603 | E19: =B19+C19+D19 -> 21181.139
A20: =A19+1 -> 19 | B20: =E19 -> 21181.139 | C20: =Dashboard!B4 -> 500 | D20: =B20*(VLOOKUP(Dashboard!B7,Cenarios!A2:B4,2,FALSE())/100) -> 169.44911 | E20: =B20+C20+D20 -> 21850.588
A21: =A20+1 -> 20 | B21: =E20 -> 21850.588 | C21: =Dashboard!B4 -> 500 | D21: =B21*(VLOOKUP(Dashboard!B7,Cenarios!A2:B4,2,FALSE())/100) -> 174.80471 | E21: =B21+C21+D21 -> 22525.393
A22: =A21+1 -> 21 | B22: =E21 -> 22525.393 | C22: =Dashboard!B4 -> 500 | D22: =B22*(VLOOKUP(Dashboard!B7,Cenarios!A2:B4,2,FALSE())/100) -> 180.20315 | E22: =B22+C22+D22 -> 23205.596
A23: =A22+1 -> 22 | B23: =E22 -> 23205.596 | C23: =Dashboard!B4 -> 500 | D23: =B23*(VLOOKUP(Dashboard!B7,Cenarios!A2:B4,2,FALSE())/100) -> 185.64477 | E23: =B23+C23+D23 -> 23891.241
A24: =A23+1 -> 23 | B24: =E23 -> 23891.241 | C24: =Dashboard!B4 -> 500 | D24: =B24*(VLOOKUP(Dashboard!B7,Cenarios!A2:B4,2,FALSE())/100) -> 191.12993 | E24: =B24+C24+D24 -> 24582.371
A25: =A24+1 -> 24 | B25: =E24 -> 24582.371 | C25: =Dashboard!B4 -> 500 | D25: =B25*(VLOOKUP(Dashboard!B7,Cenarios!A2:B4,2,FALSE())/100) -> 196.65897 | E25: =B25+C25+D25 -> 25279.03
A26: =A25+1 -> 25 | B26: =E25 -> 25279.03 | C26: =Dashboard!B4 -> 500 | D26: =B26*(VLOOKUP(Dashboard!B7,Cenarios!A2:B4,2,FALSE())/100) -> 202.23224 | E26: =B26+C26+D26 -> 25981.262
A27: =A26+1 -> 26 | B27: =E26 -> 25981.262 | C27: =Dashboard!B4 -> 500 | D27: =B27*(VLOOKUP(Dashboard!B7,Cenarios!A2:B4,2,FALSE())/100) -> 207.8501 | E27: =B27+C27+D27 -> 26689.112
A28: =A27+1 -> 27 | B28: =E27 -> 26689.112 | C28: =Dashboard!B4 -> 500 | D28: =B28*(VLOOKUP(Dashboard!B7,Cenarios!A2:B4,2,FALSE())/100) -> 213.5129 | E28: =B28+C28+D28 -> 27402.625
A29: =A28+1 -> 28 | B29: =E28 -> 27402.625 | C29: =Dashboard!B4 -> 500 | D29: =B29*(VLOOKUP(Dashboard!B7,Cenarios!A2:B4,2,FALSE())/100) -> 219.221 | E29: =B29+C29+D29 -> 28121.846
A30: =A29+1 -> 29 | B30: =E29 -> 28121.846 | C30: =Dashboard!B4 -> 500 | D30: =B30*(VLOOKUP(Dashboard!B7,Cenarios!A2:B4,2,FALSE())/100) -> 224.97477 | E30: =B30+C30+D30 -> 28846.821
A31: =A30+1 -> 30 | B31: =E30 -> 28846.821 | C31: =Dashboard!B4 -> 500 | D31: =B31*(VLOOKUP(Dashboard!B7,Cenarios!A2:B4,2,FALSE())/100) -> 230.77457 | E31: =B31+C31+D31 -> 29577.596
A32: =A31+1 -> 31 | B32: =E31 -> 29577.596 | C32: =Dashboard!B4 -> 500 | D32: =B32*(VLOOKUP(Dashboard!B7,Cenarios!A2:B4,2,FALSE())/100) -> 236.62076 | E32: =B32+C32+D32 -> 30314.216
A33: =A32+1 -> 32 | B33: =E32 -> 30314.216 | C33: =Dashboard!B4 -> 500 | D33: =B33*(VLOOKUP(Dashboard!B7,Cenarios!A2:B4,2,FALSE())/100) -> 242.51373 | E33: =B33+C33+D33 -> 31056.73
A34: =A33+1 -> 33 | B34: =E33 -> 31056.73 | C34: =Dashboard!B4 -> 500 | D34: =B34*(VLOOKUP(Dashboard!B7,Cenarios!A2:B4,2,FALSE())/100) -> 248.45384 | E34: =B34+C34+D34 -> 31805.184
A35: =A34+1 -> 34 | B35: =E34 -> 31805.184 | C35: =Dashboard!B4 -> 500 | D35: =B35*(VLOOKUP(Dashboard!B7,Cenarios!A2:B4,2,FALSE())/100) -> 254.44147 | E35: =B35+C35+D35 -> 32559.625
A36: =A35+1 -> 35 | B36: =E35 -> 32559.625 | C36: =Dashboard!B4 -> 500 | D36: =B36*(VLOOKUP(Dashboard!B7,Cenarios!A2:B4,2,FALSE())/100) -> 260.477 | E36: =B36+C36+D36 -> 33320.102
A37: =A36+1 -> 36 | B37: =E36 -> 33320.102 | C37: =Dashboard!B4 -> 500 | D37: =B37*(VLOOKUP(Dashboard!B7,Cenarios!A2:B4,2,FALSE())/100) -> 266.56082 | E37: =B37+C37+D37 -> 34086.663
A38: =A37+1 -> 37 | B38: =E37 -> 34086.663 | C38: =Dashboard!B4 -> 500 | D38: =B38*(VLOOKUP(Dashboard!B7,Cenarios!A2:B4,2,FALSE())/100) -> 272.69331 | E38: =B38+C38+D38 -> 34859.356
A39: =A38+1 -> 38 | B39: =E38 -> 34859.356 | C39: =Dashboard!B4 -> 500 | D39: =B39*(VLOOKUP(Dashboard!B7,Cenarios!A2:B4,2,FALSE())/100) -> 278.87485 | E39: =B39+C39+D39 -> 35638.231
A40: =A39+1 -> 39 | B40: =E39 -> 35638.231 | C40: =Dashboard!B4 -> 500 | D40: =B40*(VLOOKUP(Dashboard!B7,Cenarios!A2:B4,2,FALSE())/100) -> 285.10585 | E40: =B40+C40+D40 -> 36423.337
A41: =A40+1 -> 40 | B41: =E40 -> 36423.337 | C41: =Dashboard!B4 -> 500 | D41: =B41*(VLOOKUP(Dashboard!B7,Cenarios!A2:B4,2,FALSE())/100) -> 291.3867 | E41: =B41+C41+D41 -> 37214.724
A42: =A41+1 -> 41 | B42: =E41 -> 37214.724 | C42: =Dashboard!B4 -> 500 | D42: =B42*(VLOOKUP(Dashboard!B7,Cenarios!A2:B4,2,FALSE())/100) -> 297.71779 | E42: =B42+C42+D42 -> 38012.442
A43: =A42+1 -> 42 | B43: =E42 -> 38012.442 | C43: =Dashboard!B4 -> 500 | D43: =B43*(VLOOKUP(Dashboard!B7,Cenarios!A2:B4,2,FALSE())/100) -> 304.09953 | E43: =B43+C43+D43 -> 38816.541
A44: =A43+1 -> 43 | B44: =E43 -> 38816.541 | C44: =Dashboard!B4 -> 500 | D44: =B44*(VLOOKUP(Dashboard!B7,Cenarios!A2:B4,2,FALSE())/100) -> 310.53233 | E44: =B44+C44+D44 -> 39627.074
A45: =A44+1 -> 44 | B45: =E44 -> 39627.074 | C45: =Dashboard!B4 -> 500 | D45: =B45*(VLOOKUP(Dashboard!B7,Cenarios!A2:B4,2,FALSE())/100) -> 317.01659 | E45: =B45+C45+D45 -> 40444.09
A46: =A45+1 -> 45 | B46: =E45 -> 40444.09 | C46: =Dashboard!B4 -> 500 | D46: =B46*(VLOOKUP(Dashboard!B7,Cenarios!A2:B4,2,FALSE())/100) -> 323.55272 | E46: =B46+C46+D46 -> 41267.643
A47: =A46+1 -> 46 | B47: =E46 -> 41267.643 | C47: =Dashboard!B4 -> 500 | D47: =B47*(VLOOKUP(Dashboard!B7,Cenarios!A2:B4,2,FALSE())/100) -> 330.14114 | E47: =B47+C47+D47 -> 42097.784
A48: =A47+1 -> 47 | B48: =E47 -> 42097.784 | C48: =Dashboard!B4 -> 500 | D48: =B48*(VLOOKUP(Dashboard!B7,Cenarios!A2:B4,2,FALSE())/100) -> 336.78227 | E48: =B48+C48+D48 -> 42934.566
A49: =A48+1 -> 48 | B49: =E48 -> 42934.566 | C49: =Dashboard!B4 -> 500 | D49: =B49*(VLOOKUP(Dashboard!B7,Cenarios!A2:B4,2,FALSE())/100) -> 343.47653 | E49: =B49+C49+D49 -> 43778.043
A50: =A49+1 -> 49 | B50: =E49 -> 43778.043 | C50: =Dashboard!B4 -> 500 | D50: =B50*(VLOOKUP(Dashboard!B7,Cenarios!A2:B4,2,FALSE())/100) -> 350.22434 | E50: =B50+C50+D50 -> 44628.267
A51: =A50+1 -> 50 | B51: =E50 -> 44628.267 | C51: =Dashboard!B4 -> 500 | D51: =B51*(VLOOKUP(Dashboard!B7,Cenarios!A2:B4,2,FALSE())/100) -> 357.02614 | E51: =B51+C51+D51 -> 45485.293
A52: =A51+1 -> 51 | B52: =E51 -> 45485.293 | C52: =Dashboard!B4 -> 500 | D52: =B52*(VLOOKUP(Dashboard!B7,Cenarios!A2:B4,2,FALSE())/100) -> 363.88235 | E52: =B52+C52+D52 -> 46349.176
A53: =A52+1 -> 52 | B53: =E52 -> 46349.176 | C53: =Dashboard!B4 -> 500 | D53: =B53*(VLOOKUP(Dashboard!B7,Cenarios!A2:B4,2,FALSE())/100) -> 370.7934 | E53: =B53+C53+D53 -> 47219.969
A54: =A53+1 -> 53 | B54: =E53 -> 47219.969 | C54: =Dashboard!B4 -> 500 | D54: =B54*(VLOOKUP(Dashboard!B7,Cenarios!A2:B4,2,FALSE())/100) -> 377.75975 | E54: =B54+C54+D54 -> 48097.729
A55: =A54+1 -> 54 | B55: =E54 -> 48097.729 | C55: =Dashboard!B4 -> 500 | D55: =B55*(VLOOKUP(Dashboard!B7,Cenarios!A2:B4,2,FALSE())/100) -> 384.78183 | E55: =B55+C55+D55 -> 48982.511
A56: =A55+1 -> 55 | B56: =E55 -> 48982.511 | C56: =Dashboard!B4 -> 500 | D56: =B56*(VLOOKUP(Dashboard!B7,Cenarios!A2:B4,2,FALSE())/100) -> 391.86008 | E56: =B56+C56+D56 -> 49874.371
A57: =A56+1 -> 56 | B57: =E56 -> 49874.371 | C57: =Dashboard!B4 -> 500 | D57: =B57*(VLOOKUP(Dashboard!B7,Cenarios!A2:B4,2,FALSE())/100) -> 398.99497 | E57: =B57+C57+D57 -> 50773.366
A58: =A57+1 -> 57 | B58: =E57 -> 50773.366 | C58: =Dashboard!B4 -> 500 | D58: =B58*(VLOOKUP(Dashboard!B7,Cenarios!A2:B4,2,FALSE())/100) -> 406.18693 | E58: =B58+C58+D58 -> 51679.553
A59: =A58+1 -> 58 | B59: =E58 -> 51679.553 | C59: =Dashboard!B4 -> 500 | D59: =B59*(VLOOKUP(Dashboard!B7,Cenarios!A2:B4,2,FALSE())/100) -> 413.43642 | E59: =B59+C59+D59 -> 52592.989
A60: =A59+1 -> 59 | B60: =E59 -> 52592.989 | C60: =Dashboard!B4 -> 500 | D60: =B60*(VLOOKUP(Dashboard!B7,Cenarios!A2:B4,2,FALSE())/100) -> 420.74391 | E60: =B60+C60+D60 -> 53513.733
A61: =A60+1 -> 60 | B61: =E60 -> 53513.733 | C61: =Dashboard!B4 -> 500 | D61: =B61*(VLOOKUP(Dashboard!B7,Cenarios!A2:B4,2,FALSE())/100) -> 428.10986 | E61: =B61+C61+D61 -> 54441.843
A62: =A61+1 -> 61 | B62: =E61 -> 54441.843 | C62: =Dashboard!B4 -> 500 | D62: =B62*(VLOOKUP(Dashboard!B7,Cenarios!A2:B4,2,FALSE())/100) -> 435.53474 | E62: =B62+C62+D62 -> 55377.378
A63: =A62+1 -> 62 | B63: =E62 -> 55377.378 | C63: =Dashboard!B4 -> 500 | D63: =B63*(VLOOKUP(Dashboard!B7,Cenarios!A2:B4,2,FALSE())/100) -> 443.01902 | E63: =B63+C63+D63 -> 56320.397
A64: =A63+1 -> 63 | B64: =E63 -> 56320.397 | C64: =Dashboard!B4 -> 500 | D64: =B64*(VLOOKUP(Dashboard!B7,Cenarios!A2:B4,2,FALSE())/100) -> 450.56317 | E64: =B64+C64+D64 -> 57270.96
A65: =A64+1 -> 64 | B65: =E64 -> 57270.96 | C65: =Dashboard!B4 -> 500 | D65: =B65*(VLOOKUP(Dashboard!B7,Cenarios!A2:B4,2,FALSE())/100) -> 458.16768 | E65: =B65+C65+D65 -> 58229.127
A66: =A65+1 -> 65 | B66: =E65 -> 58229.127 | C66: =Dashboard!B4 -> 500 | D66: =B66*(VLOOKUP(Dashboard!B7,Cenarios!A2:B4,2,FALSE())/100) -> 465.83302 | E66: =B66+C66+D66 -> 59194.96
A67: =A66+1 -> 66 | B67: =E66 -> 59194.96 | C67: =Dashboard!B4 -> 500 | D67: =B67*(VLOOKUP(Dashboard!B7,Cenarios!A2:B4,2,FALSE())/100) -> 473.55968 | E67: =B67+C67+D67 -> 60168.52
A68: =A67+1 -> 67 | B68: =E67 -> 60168.52 | C68: =Dashboard!B4 -> 500 | D68: =B68*(VLOOKUP(Dashboard!B7,Cenarios!A2:B4,2,FALSE())/100) -> 481.34816 | E68: =B68+C68+D68 -> 61149.868
A69: =A68+1 -> 68 | B69: =E68 -> 61149.868 | C69: =Dashboard!B4 -> 500 | D69: =B69*(VLOOKUP(Dashboard!B7,Cenarios!A2:B4,2,FALSE())/100) -> 489.19895 | E69: =B69+C69+D69 -> 62139.067
A70: =A69+1 -> 69 | B70: =E69 -> 62139.067 | C70: =Dashboard!B4 -> 500 | D70: =B70*(VLOOKUP(Dashboard!B7,Cenarios!A2:B4,2,FALSE())/100) -> 497.11254 | E70: =B70+C70+D70 -> 63136.18
A71: =A70+1 -> 70 | B71: =E70 -> 63136.18 | C71: =Dashboard!B4 -> 500 | D71: =B71*(VLOOKUP(Dashboard!B7,Cenarios!A2:B4,2,FALSE())/100) -> 505.08944 | E71: =B71+C71+D71 -> 64141.269
A72: =A71+1 -> 71 | B72: =E71 -> 64141.269 | C72: =Dashboard!B4 -> 500 | D72: =B72*(VLOOKUP(Dashboard!B7,Cenarios!A2:B4,2,FALSE())/100) -> 513.13015 | E72: =B72+C72+D72 -> 65154.399
A73: =A72+1 -> 72 | B73: =E72 -> 65154.399 | C73: =Dashboard!B4 -> 500 | D73: =B73*(VLOOKUP(Dashboard!B7,Cenarios!A2:B4,2,FALSE())/100) -> 521.23519 | E73: =B73+C73+D73 -> 66175.635
A74: =A73+1 -> 73 | B74: =E73 -> 66175.635 | C74: =Dashboard!B4 -> 500 | D74: =B74*(VLOOKUP(Dashboard!B7,Cenarios!A2:B4,2,FALSE())/100) -> 529.40508 | E74: =B74+C74+D74 -> 67205.04
A75: =A74+1 -> 74 | B75: =E74 -> 67205.04 | C75: =Dashboard!B4 -> 500 | D75: =B75*(VLOOKUP(Dashboard!B7,Cenarios!A2:B4,2,FALSE())/100) -> 537.64032 | E75: =B75+C75+D75 -> 68242.68
A76: =A75+1 -> 75 | B76: =E75 -> 68242.68 | C76: =Dashboard!B4 -> 500 | D76: =B76*(VLOOKUP(Dashboard!B7,Cenarios!A2:B4,2,FALSE())/100) -> 545.94144 | E76: =B76+C76+D76 -> 69288.621
A77: =A76+1 -> 76 | B77: =E76 -> 69288.621 | C77: =Dashboard!B4 -> 500 | D77: =B77*(VLOOKUP(Dashboard!B7,Cenarios!A2:B4,2,FALSE())/100) -> 554.30897 | E77: =B77+C77+D77 -> 70342.93
A78: =A77+1 -> 77 | B78: =E77 -> 70342.93 | C78: =Dashboard!B4 -> 500 | D78: =B78*(VLOOKUP(Dashboard!B7,Cenarios!A2:B4,2,FALSE())/100) -> 562.74344 | E78: =B78+C78+D78 -> 71405.674
A79: =A78+1 -> 78 | B79: =E78 -> 71405.674 | C79: =Dashboard!B4 -> 500 | D79: =B79*(VLOOKUP(Dashboard!B7,Cenarios!A2:B4,2,FALSE())/100) -> 571.24539 | E79: =B79+C79+D79 -> 72476.919
A80: =A79+1 -> 79 | B80: =E79 -> 72476.919 | C80: =Dashboard!B4 -> 500 | D80: =B80*(VLOOKUP(Dashboard!B7,Cenarios!A2:B4,2,FALSE())/100) -> 579.81535 | E80: =B80+C80+D80 -> 73556.734
A81: =A80+1 -> 80 | B81: =E80 -> 73556.734 | C81: =Dashboard!B4 -> 500 | D81: =B81*(VLOOKUP(Dashboard!B7,Cenarios!A2:B4,2,FALSE())/100) -> 588.45388 | E81: =B81+C81+D81 -> 74645.188
A82: =A81+1 -> 81 | B82: =E81 -> 74645.188 | C82: =Dashboard!B4 -> 500 | D82: =B82*(VLOOKUP(Dashboard!B7,Cenarios!A2:B4,2,FALSE())/100) -> 597.16151 | E82: =B82+C82+D82 -> 75742.35
A83: =A82+1 -> 82 | B83: =E82 -> 75742.35 | C83: =Dashboard!B4 -> 500 | D83: =B83*(VLOOKUP(Dashboard!B7,Cenarios!A2:B4,2,FALSE())/100) -> 605.9388 | E83: =B83+C83+D83 -> 76848.289
A84: =A83+1 -> 83 | B84: =E83 -> 76848.289 | C84: =Dashboard!B4 -> 500 | D84: =B84*(VLOOKUP(Dashboard!B7,Cenarios!A2:B4,2,FALSE())/100) -> 614.78631 | E84: =B84+C84+D84 -> 77963.075
A85: =A84+1 -> 84 | B85: =E84 -> 77963.075 | C85: =Dashboard!B4 -> 500 | D85: =B85*(VLOOKUP(Dashboard!B7,Cenarios!A2:B4,2,FALSE())/100) -> 623.7046 | E85: =B85+C85+D85 -> 79086.78
A86: =A85+1 -> 85 | B86: =E85 -> 79086.78 | C86: =Dashboard!B4 -> 500 | D86: =B86*(VLOOKUP(Dashboard!B7,Cenarios!A2:B4,2,FALSE())/100) -> 632.69424 | E86: =B86+C86+D86 -> 80219.474
A87: =A86+1 -> 86 | B87: =E86 -> 80219.474 | C87: =Dashboard!B4 -> 500 | D87: =B87*(VLOOKUP(Dashboard!B7,Cenarios!A2:B4,2,FALSE())/100) -> 641.75579 | E87: =B87+C87+D87 -> 81361.23
A88: =A87+1 -> 87 | B88: =E87 -> 81361.23 | C88: =Dashboard!B4 -> 500 | D88: =B88*(VLOOKUP(Dashboard!B7,Cenarios!A2:B4,2,FALSE())/100) -> 650.88984 | E88: =B88+C88+D88 -> 82512.119
A89: =A88+1 -> 88 | B89: =E88 -> 82512.119 | C89: =Dashboard!B4 -> 500 | D89: =B89*(VLOOKUP(Dashboard!B7,Cenarios!A2:B4,2,FALSE())/100) -> 660.09696 | E89: =B89+C89+D89 -> 83672.216
A90: =A89+1 -> 89 | B90: =E89 -> 83672.216 | C90: =Dashboard!B4 -> 500 | D90: =B90*(VLOOKUP(Dashboard!B7,Cenarios!A2:B4,2,FALSE())/100) -> 669.37773 | E90: =B90+C90+D90 -> 84841.594
A91: =A90+1 -> 90 | B91: =E90 -> 84841.594 | C91: =Dashboard!B4 -> 500 | D91: =B91*(VLOOKUP(Dashboard!B7,Cenarios!A2:B4,2,FALSE())/100) -> 678.73275 | E91: =B91+C91+D91 -> 86020.327
A92: =A91+1 -> 91 | B92: =E91 -> 86020.327 | C92: =Dashboard!B4 -> 500 | D92: =B92*(VLOOKUP(Dashboard!B7,Cenarios!A2:B4,2,FALSE())/100) -> 688.16262 | E92: =B92+C92+D92 -> 87208.49
A93: =A92+1 -> 92 | B93: =E92 -> 87208.49 | C93: =Dashboard!B4 -> 500 | D93: =B93*(VLOOKUP(Dashboard!B7,Cenarios!A2:B4,2,FALSE())/100) -> 697.66792 | E93: =B93+C93+D93 -> 88406.157
A94: =A93+1 -> 93 | B94: =E93 -> 88406.157 | C94: =Dashboard!B4 -> 500 | D94: =B94*(VLOOKUP(Dashboard!B7,Cenarios!A2:B4,2,FALSE())/100) -> 707.24926 | E94: =B94+C94+D94 -> 89613.407
A95: =A94+1 -> 94 | B95: =E94 -> 89613.407 | C95: =Dashboard!B4 -> 500 | D95: =B95*(VLOOKUP(Dashboard!B7,Cenarios!A2:B4,2,FALSE())/100) -> 716.90725 | E95: =B95+C95+D95 -> 90830.314
A96: =A95+1 -> 95 | B96: =E95 -> 90830.314 | C96: =Dashboard!B4 -> 500 | D96: =B96*(VLOOKUP(Dashboard!B7,Cenarios!A2:B4,2,FALSE())/100) -> 726.64251 | E96: =B96+C96+D96 -> 92056.956
A97: =A96+1 -> 96 | B97: =E96 -> 92056.956 | C97: =Dashboard!B4 -> 500 | D97: =B97*(VLOOKUP(Dashboard!B7,Cenarios!A2:B4,2,FALSE())/100) -> 736.45565 | E97: =B97+C97+D97 -> 93293.412
A98: =A97+1 -> 97 | B98: =E97 -> 93293.412 | C98: =Dashboard!B4 -> 500 | D98: =B98*(VLOOKUP(Dashboard!B7,Cenarios!A2:B4,2,FALSE())/100) -> 746.3473 | E98: =B98+C98+D98 -> 94539.759
A99: =A98+1 -> 98 | B99: =E98 -> 94539.759 | C99: =Dashboard!B4 -> 500 | D99: =B99*(VLOOKUP(Dashboard!B7,Cenarios!A2:B4,2,FALSE())/100) -> 756.31808 | E99: =B99+C99+D99 -> 95796.077
A100: =A99+1 -> 99 | B100: =E99 -> 95796.077 | C100: =Dashboard!B4 -> 500 | D100: =B100*(VLOOKUP(Dashboard!B7,Cenarios!A2:B4,2,FALSE())/100) -> 766.36862 | E100: =B100+C100+D100 -> 97062.446
...

Sheet Sim_Poupanca
A1: Mês | B1: Saldo Inicial | C1: Aporte | D1: Rendimento | E1: Saldo Final
A2: 1 | B2: =Dashboard!B3 -> 10000 | C2: =Dashboard!B4 -> 500 | D2: =B2*(0.5/100) -> 50 | E2: =B2+C2+D2 -> 10550
A3: =A2+1 -> 2 | B3: =E2 -> 10550 | C3: =Dashboard!B4 -> 500 | D3: =B3*(0.5/100) -> 52.75 | E3: =B3+C3+D3 -> 11102.75
A4: =A3+1 -> 3 | B4: =E3 -> 11102.75 | C4: =Dashboard!B4 -> 500 | D4: =B4*(0.5/100) -> 55.51375 | E4: =B4+C4+D4 -> 11658.264
A5: =A4+1 -> 4 | B5: =E4 -> 11658.264 | C5: =Dashboard!B4 -> 500 | D5: =B5*(0.5/100) -> 58.291319 | E5: =B5+C5+D5 -> 12216.555
A6: =A5+1 -> 5 | B6: =E5 -> 12216.555 | C6: =Dashboard!B4 -> 500 | D6: =B6*(0.5/100) -> 61.082775 | E6: =B6+C6+D6 -> 12777.638
A7: =A6+1 -> 6 | B7: =E6 -> 12777.638 | C7: =Dashboard!B4 -> 500 | D7: =B7*(0.5/100) -> 63.888189 | E7: =B7+C7+D7 -> 13341.526
A8: =A7+1 -> 7 | B8: =E7 -> 13341.526 | C8: =Dashboard!B4 -> 500 | D8: =B8*(0.5/100) -> 66.70763 | E8: =B8+C8+D8 -> 13908.234
A9: =A8+1 -> 8 | B9: =E8 -> 13908.234 | C9: =Dashboard!B4 -> 500 | D9: =B9*(0.5/100) -> 69.541168 | E9: =B9+C9+D9 -> 14477.775
A10: =A9+1 -> 9 | B10: =E9 -> 14477.775 | C10: =Dashboard!B4 -> 500 | D10: =B10*(0.5/100) -> 72.388874 | E10: =B10+C10+D10 -> 15050.164
A11: =A10+1 -> 10 | B11: =E10 -> 15050.164 | C11: =Dashboard!B4 -> 500 | D11: =B11*(0.5/100) -> 75.250819 | E11: =B11+C11+D11 -> 15625.415
A12: =A11+1 -> 11 | B12: =E11 -> 15625.415 | C12: =Dashboard!B4 -> 500 | D12: =B12*(0.5/100) -> 78.127073 | E12: =B12+C12+D12 -> 16203.542
A13: =A12+1 -> 12 | B13: =E12 -> 16203.542 | C13: =Dashboard!B4 -> 500 | D13: =B13*(0.5/100) -> 81.017708 | E13: =B13+C13+D13 -> 16784.559
A14: =A13+1 -> 13 | B14: =E13 -> 16784.559 | C14: =Dashboard!B4 -> 500 | D14: =B14*(0.5/100) -> 83.922797 | E14: =B14+C14+D14 -> 17368.482
A15: =A14+1 -> 14 | B15: =E14 -> 17368.482 | C15: =Dashboard!B4 -> 500 | D15: =B15*(0.5/100) -> 86.842411 | E15: =B15+C15+D15 -> 17955.325
A16: =A15+1 -> 15 | B16: =E15 -> 17955.325 | C16: =Dashboard!B4 -> 500 | D16: =B16*(0.5/100) -> 89.776623 | E16: =B16+C16+D16 -> 18545.101
A17: =A16+1 -> 16 | B17: =E16 -> 18545.101 | C17: =Dashboard!B4 -> 500 | D17: =B17*(0.5/100) -> 92.725506 | E17: =B17+C17+D17 -> 19137.827
A18: =A17+1 -> 17 | B18: =E17 -> 19137.827 | C18: =Dashboard!B4 -> 500 | D18: =B18*(0.5/100) -> 95.689133 | E18: =B18+C18+D18 -> 19733.516
A19: =A18+1 -> 18 | B19: =E18 -> 19733.516 | C19: =Dashboard!B4 -> 500 | D19: =B19*(0.5/100) -> 98.667579 | E19: =B19+C19+D19 -> 20332.183
A20: =A19+1 -> 19 | B20: =E19 -> 20332.183 | C20: =Dashboard!B4 -> 500 | D20: =B20*(0.5/100) -> 101.66092 | E20: =B20+C20+D20 -> 20933.844
A21: =A20+1 -> 20 | B21: =E20 -> 20933.844 | C21: =Dashboard!B4 -> 500 | D21: =B21*(0.5/100) -> 104.66922 | E21: =B21+C21+D21 -> 21538.513
A22: =A21+1 -> 21 | B22: =E21 -> 21538.513 | C22: =Dashboard!B4 -> 500 | D22: =B22*(0.5/100) -> 107.69257 | E22: =B22+C22+D22 -> 22146.206
A23: =A22+1 -> 22 | B23: =E22 -> 22146.206 | C23: =Dashboard!B4 -> 500 | D23: =B23*(0.5/100) -> 110.73103 | E23: =B23+C23+D23 -> 22756.937
A24: =A23+1 -> 23 | B24: =E23 -> 22756.937 | C24: =Dashboard!B4 -> 500 | D24: =B24*(0.5/100) -> 113.78469 | E24: =B24+C24+D24 -> 23370.722
A25: =A24+1 -> 24 | B25: =E24 -> 23370.722 | C25: =Dashboard!B4 -> 500 | D25: =B25*(0.5/100) -> 116.85361 | E25: =B25+C25+D25 -> 23987.575
A26: =A25+1 -> 25 | B26: =E25 -> 23987.575 | C26: =Dashboard!B4 -> 500 | D26: =B26*(0.5/100) -> 119.93788 | E26: =B26+C26+D26 -> 24607.513
A27: =A26+1 -> 26 | B27: =E26 -> 24607.513 | C27: =Dashboard!B4 -> 500 | D27: =B27*(0.5/100) -> 123.03757 | E27: =B27+C27+D27 -> 25230.551
A28: =A27+1 -> 27 | B28: =E27 -> 25230.551 | C28: =Dashboard!B4 -> 500 | D28: =B28*(0.5/100) -> 126.15275 | E28: =B28+C28+D28 -> 25856.704
A29: =A28+1 -> 28 | B29: =E28 -> 25856.704 | C29: =Dashboard!B4 -> 500 | D29: =B29*(0.5/100) -> 129.28352 | E29: =B29+C29+D29 -> 26485.987
A30: =A29+1 -> 29 | B30: =E29 -> 26485.987 | C30: =Dashboard!B4 -> 500 | D30: =B30*(0.5/100) -> 132.42994 | E30: =B30+C30+D30 -> 27118.417
A31: =A30+1 -> 30 | B31: =E30 -> 27118.417 | C31: =Dashboard!B4 -> 500 | D31: =B31*(0.5/100) -> 135.59209 | E31: =B31+C31+D31 -> 27754.009
A32: =A31+1 -> 31 | B32: =E31 -> 27754.009 | C32: =Dashboard!B4 -> 500 | D32: =B32*(0.5/100) -> 138.77005 | E32: =B32+C32+D32 -> 28392.779
A33: =A32+1 -> 32 | B33: =E32 -> 28392.779 | C33: =Dashboard!B4 -> 500 | D33: =B33*(0.5/100) -> 141.9639 | E33: =B33+C33+D33 -> 29034.743
A34: =A33+1 -> 33 | B34: =E33 -> 29034.743 | C34: =Dashboard!B4 -> 500 | D34: =B34*(0.5/100) -> 145.17372 | E34: =B34+C34+D34 -> 29679.917
A35: =A34+1 -> 34 | B35: =E34 -> 29679.917 | C35: =Dashboard!B4 -> 500 | D35: =B35*(0.5/100) -> 148.39958 | E35: =B35+C35+D35 -> 30328.316
A36: =A35+1 -> 35 | B36: =E35 -> 30328.316 | C36: =Dashboard!B4 -> 500 | D36: =B36*(0.5/100) -> 151.64158 | E36: =B36+C36+D36 -> 30979.958
A37: =A36+1 -> 36 | B37: =E36 -> 30979.958 | C37: =Dashboard!B4 -> 500 | D37: =B37*(0.5/100) -> 154.89979 | E37: =B37+C37+D37 -> 31634.858
A38: =A37+1 -> 37 | B38: =E37 -> 31634.858 | C38: =Dashboard!B4 -> 500 | D38: =B38*(0.5/100) -> 158.17429 | E38: =B38+C38+D38 -> 32293.032
A39: =A38+1 -> 38 | B39: =E38 -> 32293.032 | C39: =Dashboard!B4 -> 500 | D39: =B39*(0.5/100) -> 161.46516 | E39: =B39+C39+D39 -> 32954.497
A40: =A39+1 -> 39 | B40: =E39 -> 32954.497 | C40: =Dashboard!B4 -> 500 | D40: =B40*(0.5/100) -> 164.77249 | E40: =B40+C40+D40 -> 33619.27
A41: =A40+1 -> 40 | B41: =E40 -> 33619.27 | C41: =Dashboard!B4 -> 500 | D41: =B41*(0.5/100) -> 168.09635 | E41: =B41+C41+D41 -> 34287.366
A42: =A41+1 -> 41 | B42: =E41 -> 34287.366 | C42: =Dashboard!B4 -> 500 | D42: =B42*(0.5/100) -> 171.43683 | E42: =B42+C42+D42 -> 34958.803
A43: =A42+1 -> 42 | B43: =E42 -> 34958.803 | C43: =Dashboard!B4 -> 500 | D43: =B43*(0.5/100) -> 174.79401 | E43: =B43+C43+D43 -> 35633.597
A44: =A43+1 -> 43 | B44: =E43 -> 35633.597 | C44: =Dashboard!B4 -> 500 | D44: =B44*(0.5/100) -> 178.16798 | E44: =B44+C44+D44 -> 36311.765
A45: =A44+1 -> 44 | B45: =E44 -> 36311.765 | C45: =Dashboard!B4 -> 500 | D45: =B45*(0.5/100) -> 181.55882 | E45: =B45+C45+D45 -> 36993.324
A46: =A45+1 -> 45 | B46: =E45 -> 36993.324 | C46: =Dashboard!B4 -> 500 | D46: =B46*(0.5/100) -> 184.96662 | E46: =B46+C46+D46 -> 37678.29
A47: =A46+1 -> 46 | B47: =E46 -> 37678.29 | C47: =Dashboard!B4 -> 500 | D47: =B47*(0.5/100) -> 188.39145 | E47: =B47+C47+D47 -> 38366.682
A48: =A47+1 -> 47 | B48: =E47 -> 38366.682 | C48: =Dashboard!B4 -> 500 | D48: =B48*(0.5/100) -> 191.83341 | E48: =B48+C48+D48 -> 39058.515
A49: =A48+1 -> 48 | B49: =E48 -> 39058.515 | C49: =Dashboard!B4 -> 500 | D49: =B49*(0.5/100) -> 195.29258 | E49: =B49+C49+D49 -> 39753.808
A50: =A49+1 -> 49 | B50: =E49 -> 39753.808 | C50: =Dashboard!B4 -> 500 | D50: =B50*(0.5/100) -> 198.76904 | E50: =B50+C50+D50 -> 40452.577
A51: =A50+1 -> 50 | B51: =E50 -> 40452.577 | C51: =Dashboard!B4 -> 500 | D51: =B51*(0.5/100) -> 202.26288 | E51: =B51+C51+D51 -> 41154.84
A52: =A51+1 -> 51 | B52: =E51 -> 41154.84 | C52: =Dashboard!B4 -> 500 | D52: =B52*(0.5/100) -> 205.7742 | E52: =B52+C52+D52 -> 41860.614
A53: =A52+1 -> 52 | B53: =E52 -> 41860.614 | C53: =Dashboard!B4 -> 500 | D53: =B53*(0.5/100) -> 209.30307 | E53: =B53+C53+D53 -> 42569.917
A54: =A53+1 -> 53 | B54: =E53 -> 42569.917 | C54: =Dashboard!B4 -> 500 | D54: =B54*(0.5/100) -> 212.84958 | E54: =B54+C54+D54 -> 43282.766
A55: =A54+1 -> 54 | B55: =E54 -> 43282.766 | C55: =Dashboard!B4 -> 500 | D55: =B55*(0.5/100) -> 216.41383 | E55: =B55+C55+D55 -> 43999.18
A56: =A55+1 -> 55 | B56: =E55 -> 43999.18 | C56: =Dashboard!B4 -> 500 | D56: =B56*(0.5/100) -> 219.9959 | E56: =B56+C56+D56 -> 44719.176
A57: =A56+1 -> 56 | B57: =E56 -> 44719.176 | C57: =Dashboard!B4 -> 500 | D57: =B57*(0.5/100) -> 223.59588 | E57: =B57+C57+D57 -> 45442.772
A58: =A57+1 -> 57 | B58: =E57 -> 45442.772 | C58: =Dashboard!B4 -> 500 | D58: =B58*(0.5/100) -> 227.21386 | E58: =B58+C58+D58 -> 46169.986
A59: =A58+1 -> 58 | B59: =E58 -> 46169.986 | C59: =Dashboard!B4 -> 500 | D59: =B59*(0.5/100) -> 230.84993 | E59: =B59+C59+D59 -> 46900.836
A60: =A59+1 -> 59 | B60: =E59 -> 46900.836 | C60: =Dashboard!B4 -> 500 | D60: =B60*(0.5/100) -> 234.50418 | E60: =B60+C60+D60 -> 47635.34
A61: =A60+1 -> 60 | B61: =E60 -> 47635.34 | C61: =Dashboard!B4 -> 500 | D61: =B61*(0.5/100) -> 238.1767 | E61: =B61+C61+D61 -> 48373.517
A62: =A61+1 -> 61 | B62: =E61 -> 48373.517 | C62: =Dashboard!B4 -> 500 | D62: =B62*(0.5/100) -> 241.86758 | E62: =B62+C62+D62 -> 49115.384
A63: =A62+1 -> 62 | B63: =E62 -> 49115.384 | C63: =Dashboard!B4 -> 500 | D63: =B63*(0.5/100) -> 245.57692 | E63: =B63+C63+D63 -> 49860.961
A64: =A63+1 -> 63 | B64: =E63 -> 49860.961 | C64: =Dashboard!B4 -> 500 | D64: =B64*(0.5/100) -> 249.30481 | E64: =B64+C64+D64 -> 50610.266
A65: =A64+1 -> 64 | B65: =E64 -> 50610.266 | C65: =Dashboard!B4 -> 500 | D65: =B65*(0.5/100) -> 253.05133 | E65: =B65+C65+D65 -> 51363.317
A66: =A65+1 -> 65 | B66: =E65 -> 51363.317 | C66: =Dashboard!B4 -> 500 | D66: =B66*(0.5/100) -> 256.81659 | E66: =B66+C66+D66 -> 52120.134
A67: =A66+1 -> 66 | B67: =E66 -> 52120.134 | C67: =Dashboard!B4 -> 500 | D67: =B67*(0.5/100) -> 260.60067 | E67: =B67+C67+D67 -> 52880.735
A68: =A67+1 -> 67 | B68: =E67 -> 52880.735 | C68: =Dashboard!B4 -> 500 | D68: =B68*(0.5/100) -> 264.40367 | E68: =B68+C68+D68 -> 53645.138
A69: =A68+1 -> 68 | B69: =E68 -> 53645.138 | C69: =Dashboard!B4 -> 500 | D69: =B69*(0.5/100) -> 268.22569 | E69: =B69+C69+D69 -> 54413.364
A70: =A69+1 -> 69 | B70: =E69 -> 54413.364 | C70: =Dashboard!B4 -> 500 | D70: =B70*(0.5/100) -> 272.06682 | E70: =B70+C70+D70 -> 55185.431
A71: =A70+1 -> 70 | B71: =E70 -> 55185.431 | C71: =Dashboard!B4 -> 500 | D71: =B71*(0.5/100) -> 275.92715 | E71: =B71+C71+D71 -> 55961.358
A72: =A71+1 -> 71 | B72: =E71 -> 55961.358 | C72: =Dashboard!B4 -> 500 | D72: =B72*(0.5/100) -> 279.80679 | E72: =B72+C72+D72 -> 56741.165
A73: =A72+1 -> 72 | B73: =E72 -> 56741.165 | C73: =Dashboard!B4 -> 500 | D73: =B73*(0.5/100) -> 283.70582 | E73: =B73+C73+D73 -> 57524.871
A74: =A73+1 -> 73 | B74: =E73 -> 57524.871 | C74: =Dashboard!B4 -> 500 | D74: =B74*(0.5/100) -> 287.62435 | E74: =B74+C74+D74 -> 58312.495
A75: =A74+1 -> 74 | B75: =E74 -> 58312.495 | C75: =Dashboard!B4 -> 500 | D75: =B75*(0.5/100) -> 291.56247 | E75: =B75+C75+D75 -> 59104.057
A76: =A75+1 -> 75 | B76: =E75 -> 59104.057 | C76: =Dashboard!B4 -> 500 | D76: =B76*(0.5/100) -> 295.52029 | E76: =B76+C76+D76 -> 59899.578
A77: =A76+1 -> 76 | B77: =E76 -> 59899.578 | C77: =Dashboard!B4 -> 500 | D77: =B77*(0.5/100) -> 299.49789 | E77: =B77+C77+D77 -> 60699.076
A78: =A77+1 -> 77 | B78: =E77 -> 60699.076 | C78: =Dashboard!B4 -> 500 | D78: =B78*(0.5/100) -> 303.49538 | E78: =B78+C78+D78 -> 61502.571
A79: =A78+1 -> 78 | B79: =E78 -> 61502.571 | C79: =Dashboard!B4 -> 500 | D79: =B79*(0.5/100) -> 307.51286 | E79: =B79+C79+D79 -> 62310.084
A80: =A79+1 -> 79 | B80: =E79 -> 62310.084 | C80: =Dashboard!B4 -> 500 | D80: =B80*(0.5/100) -> 311.55042 | E80: =B80+C80+D80 -> 63121.634
A81: =A80+1 -> 80 | B81: =E80 -> 63121.634 | C81: =Dashboard!B4 -> 500 | D81: =B81*(0.5/100) -> 315.60817 | E81: =B81+C81+D81 -> 63937.242
A82: =A81+1 -> 81 | B82: =E81 -> 63937.242 | C82: =Dashboard!B4 -> 500 | D82: =B82*(0.5/100) -> 319.68621 | E82: =B82+C82+D82 -> 64756.929
A83: =A82+1 -> 82 | B83: =E82 -> 64756.929 | C83: =Dashboard!B4 -> 500 | D83: =B83*(0.5/100) -> 323.78464 | E83: =B83+C83+D83 -> 65580.713
A84: =A83+1 -> 83 | B84: =E83 -> 65580.713 | C84: =Dashboard!B4 -> 500 | D84: =B84*(0.5/100) -> 327.90357 | E84: =B84+C84+D84 -> 66408.617
A85: =A84+1 -> 84 | B85: =E84 -> 66408.617 | C85: =Dashboard!B4 -> 500 | D85: =B85*(0.5/100) -> 332.04308 | E85: =B85+C85+D85 -> 67240.66
A86: =A85+1 -> 85 | B86: =E85 -> 67240.66 | C86: =Dashboard!B4 -> 500 | D86: =B86*(0.5/100) -> 336.2033 | E86: =B86+C86+D86 -> 68076.863
A87: =A86+1 -> 86 | B87: =E86 -> 68076.863 | C87: =Dashboard!B4 -> 500 | D87: =B87*(0.5/100) -> 340.38432 | E87: =B87+C87+D87 -> 68917.248
A88: =A87+1 -> 87 | B88: =E87 -> 68917.248 | C88: =Dashboard!B4 -> 500 | D88: =B88*(0.5/100) -> 344.58624 | E88: =B88+C88+D88 -> 69761.834
A89: =A88+1 -> 88 | B89: =E88 -> 69761.834 | C89: =Dashboard!B4 -> 500 | D89: =B89*(0.5/100) -> 348.80917 | E89: =B89+C89+D89 -> 70610.643
A90: =A89+1 -> 89 | B90: =E89 -> 70610.643 | C90: =Dashboard!B4 -> 500 | D90: =B90*(0.5/100) -> 353.05321 | E90: =B90+C90+D90 -> 71463.696
A91: =A90+1 -> 90 | B91: =E90 -> 71463.696 | C91: =Dashboard!B4 -> 500 | D91: =B91*(0.5/100) -> 357.31848 | E91: =B91+C91+D91 -> 72321.015
A92: =A91+1 -> 91 | B92: =E91 -> 72321.015 | C92: =Dashboard!B4 -> 500 | D92: =B92*(0.5/100) -> 361.60507 | E92: =B92+C92+D92 -> 73182.62
A93: =A92+1 -> 92 | B93: =E92 -> 73182.62 | C93: =Dashboard!B4 -> 500 | D93: =B93*(0.5/100) -> 365.9131 | E93: =B93+C93+D93 -> 74048.533
A94: =A93+1 -> 93 | B94: =E93 -> 74048.533 | C94: =Dashboard!B4 -> 500 | D94: =B94*(0.5/100) -> 370.24266 | E94: =B94+C94+D94 -> 74918.776
A95: =A94+1 -> 94 | B95: =E94 -> 74918.776 | C95: =Dashboard!B4 -> 500 | D95: =B95*(0.5/100) -> 374.59388 | E95: =B95+C95+D95 -> 75793.369
A96: =A95+1 -> 95 | B96: =E95 -> 75793.369 | C96: =Dashboard!B4 -> 500 | D96: =B96*(0.5/100) -> 378.96685 | E96: =B96+C96+D96 -> 76672.336
A97: =A96+1 -> 96 | B97: =E96 -> 76672.336 | C97: =Dashboard!B4 -> 500 | D97: =B97*(0.5/100) -> 383.36168 | E97: =B97+C97+D97 -> 77555.698
A98: =A97+1 -> 97 | B98: =E97 -> 77555.698 | C98: =Dashboard!B4 -> 500 | D98: =B98*(0.5/100) -> 387.77849 | E98: =B98+C98+D98 -> 78443.476
A99: =A98+1 -> 98 | B99: =E98 -> 78443.476 | C99: =Dashboard!B4 -> 500 | D99: =B99*(0.5/100) -> 392.21738 | E99: =B99+C99+D99 -> 79335.694
A100: =A99+1 -> 99 | B100: =E99 -> 79335.694 | C100: =Dashboard!B4 -> 500 | D100: =B100*(0.5/100) -> 396.67847 | E100: =B100+C100+D100 -> 80232.372
...
